{"cameraMode":{"drawMode":0,"name":"Shaded","section":"Shading Mode"},"sceneLighting":true,"audioPlay":false,"sceneViewState":{"m_AlwaysRefresh":false,"showFog":true,"showSkybox":false,"showFlares":true,"showImageEffects":true,"showParticleSystems":true,"showVisualEffectGraphs":true,"m_FxEnabled":true},"in2DMode":false,"pivot":{"x":-0.15181350708007813,"y":-1.2746472358703614,"z":1.2430477142333985},"rotation":{"x":0.0445355623960495,"y":-0.9503906965255737,"z":0.16148829460144044,"w":0.26211532950401308},"size":10.984180450439454,"orthographic":false}